开奖期数,开奖时间,红球1,红球2,红球3,红球4,红球5,篮球1,篮球2
25011,2025-01-25,03,06,07,11,27,02,08
25010,2025-01-22,05,21,28,30,32,07,12
25009,2025-01-20,03,19,21,30,32,06,09
25008,2025-01-18,01,05,07,13,35,05,12
25007,2025-01-15,15,22,23,25,31,01,09
25006,2025-01-13,03,04,13,19,35,03,10
25005,2025-01-11,05,06,08,31,32,09,11
25004,2025-01-08,02,05,09,13,33,01,07
25003,2025-01-06,10,25,30,32,34,04,10
25002,2025-01-04,19,21,22,28,32,06,09
25001,2025-01-01,05,08,16,17,27,04,07
25016,2025-02-17,05,07,12,20,29,08,12
25015,2025-02-15,07,10,24,31,35,01,08
25014,2025-02-12,05,19,22,29,35,02,10
25013,2025-02-10,14,16,18,20,35,02,05
25012,2025-02-08,02,18,19,21,25,02,11
25017,2025-02-19,10,12,26,28,31,03,10
25018,2025-02-22,01,07,09,20,28,01,04
25029,2025-03-19,05,09,26,31,33,03,10
25028,2025-03-17,06,08,20,25,29,03,07
25027,2025-03-15,03,06,11,13,20,01,11
25026,2025-03-12,02,03,07,17,30,01,09
25025,2025-03-10,03,06,08,10,25,03,07
25024,2025-03-08,06,12,13,16,23,05,08
25023,2025-03-05,10,20,22,24,25,09,12
25022,2025-03-03,01,11,13,27,29,04,10
25021,2025-03-01,10,18,25,30,35,03,12
25020,2025-02-26,01,09,12,22,29,05,09
25019,2025-02-24,07,08,11,18,23,03,11
25031,2025-03-24,14,18,20,25,35,01,07
25030,2025-03-22,03,09,14,24,28,06,07
25032,2025-03-26,12,22,25,27,28,01,02
25049,2025-05-05,09,20,22,29,34,03,08
25048,2025-05-03,02,06,17,23,35,06,11
25047,2025-04-30,03,10,11,12,21,02,03
25046,2025-04-28,04,10,15,20,34,04,07
25045,2025-04-26,08,11,21,23,27,03,08
25044,2025-04-23,15,17,21,22,26,02,08
25043,2025-04-21,03,16,20,21,27,09,11
25042,2025-04-19,06,08,11,18,20,05,11
25041,2025-04-16,03,04,21,22,27,05,11
25040,2025-04-14,02,08,16,31,32,04,12
25039,2025-04-12,03,07,14,15,19,06,10
25038,2025-04-09,07,08,20,26,34,08,09
25037,2025-04-07,05,20,23,27,31,04,06
25036,2025-04-05,04,07,13,27,30,02,06
25035,2025-04-02,22,25,28,29,30,04,08
25034,2025-03-31,04,15,22,28,33,06,08
25033,2025-03-29,01,02,08,10,33,10,12
