类型,红球,篮球
大乐透,"04,19,20,25,32","03,09"
大乐透,"12,27,32,33,35","07,09"
大乐透,"12,17,20,32,34","03,06"
大乐透,"08,10,17,26,34","06,12"
大乐透,"03,14,15,25,31","08,10"
大乐透,"05,13,15,31,32","03,11"
大乐透,"03,05,06,10,15","07,09"
大乐透,"11,12,14,27,29","03,10"
大乐透,"10,22,25,26,34","04,10"
大乐透,"16,18,21,27,33","01,12"
大乐透,"09,18,20,21,32","03,09"
大乐透,"03,06,17,26,30","05,06"
大乐透,"12,20,24,27,31","02,04"
大乐透,"05,12,14,21,27","06,10"
大乐透,"03,05,22,27,33","01,12"
大乐透,"09,16,19,24,33","07,11"
大乐透,"23,24,25,33,34","02,03"
大乐透,"02,05,27,33,34","04,06"
大乐透,"10,11,12,15,21","05,09"
大乐透,"04,17,19,20,27","04,05"
大乐透,"03,11,22,30,32","06,09"
大乐透,"01,03,27,32,33","07,10"
大乐透,"03,09,10,22,24","02,10"
大乐透,"14,15,17,33,35","01,09"
大乐透,"07,12,13,27,32","01,03"
大乐透,"01,10,13,25,33","03,06"
大乐透,"05,14,18,20,21","04,09"
大乐透,"06,09,12,27,32","04,05"
大乐透,"06,10,23,27,34","03,04"
大乐透,"03,05,20,24,26","02,09"
大乐透,"08,10,23,24,34","05,10"
大乐透,"02,03,10,15,32","01,09"
大乐透,"06,07,12,15,25","04,09"
大乐透,"07,12,25,30,31","06,07"
大乐透,"05,09,13,24,26","03,06"
大乐透,"01,09,10,14,17","01,03"
大乐透,"06,23,25,28,34","06,11"
大乐透,"05,15,20,30,32","08,11"
大乐透,"10,11,14,24,33","02,05"
大乐透,"04,10,12,14,24","01,03"
大乐透,"04,14,17,22,35","09,10"
大乐透,"06,14,22,24,25","06,07"
大乐透,"20,25,27,32,34","01,03"
大乐透,"03,13,20,21,28","01,05"
大乐透,"01,24,25,26,28","01,06"
大乐透,"09,16,17,23,34","05,08"
大乐透,"08,14,16,25,27","04,06"
大乐透,"16,21,25,26,32","09,10"
大乐透,"17,24,25,33,34","03,09"
大乐透,"02,05,14,16,21","03,07"
大乐透,"08,15,16,17,20","03,09"
大乐透,"01,02,10,20,21","06,08"
大乐透,"07,10,18,25,33","01,06"
大乐透,"21,25,31,32,34","03,09"
大乐透,"05,16,19,20,33","03,10"
大乐透,"03,05,15,20,34","11,12"
大乐透,"04,09,15,20,30","05,09"
大乐透,"14,23,30,31,33","03,09"
大乐透,"08,15,21,27,32","10,11"
大乐透,"03,09,25,27,30","01,03"
大乐透,"03,09,17,30,34","05,12"
大乐透,"03,06,24,26,27","03,11"
大乐透,"03,04,05,08,25","04,09"
大乐透,"01,07,19,21,24","01,10"
大乐透,"05,07,09,13,18","03,05"
大乐透,"11,14,21,28,33","04,10"
大乐透,"07,10,25,32,35","04,06"
大乐透,"03,05,10,19,32","02,10"
大乐透,"11,19,25,33,34","09,11"
大乐透,"02,12,16,33,35","03,06"
大乐透,"03,04,05,07,08","09,10"
大乐透,"04,06,07,31,32","02,10"
大乐透,"09,11,25,28,35","01,09"
大乐透,"12,14,17,20,32","01,02"
大乐透,"10,16,21,22,32","02,06"
大乐透,"14,21,31,34,35","02,05"
大乐透,"05,07,13,26,27","06,10"
大乐透,"02,05,28,31,32","03,09"
大乐透,"13,14,28,30,32","03,10"
大乐透,"09,13,17,24,34","07,12"
大乐透,"11,15,21,34,35","06,09"
大乐透,"10,21,25,28,32","09,11"
大乐透,"06,12,19,21,33","03,09"
大乐透,"04,16,17,19,32","03,07"
大乐透,"01,03,09,13,31","04,06"
大乐透,"03,14,18,25,33","01,07"
大乐透,"05,18,20,21,28","06,12"
大乐透,"07,17,18,28,31","01,02"
大乐透,"12,15,27,30,34","01,05"
大乐透,"05,08,10,14,17","01,10"
大乐透,"13,21,22,25,28","01,03"
大乐透,"06,08,20,25,27","05,09"
大乐透,"14,27,30,33,35","08,09"
大乐透,"05,07,24,31,34","09,12"
大乐透,"05,18,20,25,33","07,12"
大乐透,"05,11,13,16,19","07,10"
大乐透,"12,13,24,29,31","10,11"
大乐透,"11,15,18,24,30","06,09"
大乐透,"13,16,19,30,32","02,10"
大乐透,"03,07,14,19,31","02,10"
大乐透,"05,09,18,20,30","08,12"
大乐透,"18,19,30,32,33","03,10"
大乐透,"03,18,27,28,35","02,08"
大乐透,"02,05,28,32,33","02,09"
大乐透,"13,16,17,19,32","07,12"
大乐透,"09,30,31,32,33","03,08"
大乐透,"07,10,11,18,29","06,07"
大乐透,"03,07,25,28,31","01,12"
大乐透,"06,15,20,31,32","07,09"
大乐透,"05,12,25,31,35","05,10"
大乐透,"03,07,11,28,33","03,09"
大乐透,"05,06,19,33,35","02,06"
大乐透,"16,17,19,20,31","02,09"
大乐透,"05,11,20,31,32","06,12"
大乐透,"16,18,25,29,34","01,12"
大乐透,"02,05,10,31,32","02,06"
大乐透,"02,06,19,32,35","08,12"
大乐透,"05,16,26,33,35","03,10"
大乐透,"10,20,28,30,31","01,09"
大乐透,"16,18,24,31,33","01,03"
大乐透,"05,07,21,28,33","07,12"
大乐透,"03,13,14,21,25","05,06"
大乐透,"05,07,10,21,30","10,12"
大乐透,"16,18,30,32,34","09,10"
大乐透,"03,07,08,19,26","03,05"
大乐透,"05,16,20,25,34","02,08"
大乐透,"09,11,13,21,31","02,09"
大乐透,"10,16,19,24,35","02,05"
大乐透,"22,28,30,33,35","02,04"
大乐透,"13,17,22,33,34","02,08"
大乐透,"05,07,24,32,34","02,08"
大乐透,"07,17,19,29,30","09,11"
大乐透,"09,19,25,32,33","02,06"
大乐透,"01,16,20,21,25","08,12"
大乐透,"05,10,14,20,33","01,08"
大乐透,"14,19,21,34,35","04,12"
大乐透,"05,12,16,19,35","04,06"
大乐透,"05,07,14,18,20","05,09"
大乐透,"05,16,21,28,34","09,10"
大乐透,"07,14,18,20,33","08,10"
大乐透,"16,19,20,30,34","04,12"
大乐透,"05,16,20,31,35","09,10"
大乐透,"03,19,25,33,35","03,09"
大乐透,"04,05,13,20,30","02,04"
大乐透,"15,24,25,31,34","06,07"
大乐透,"07,16,20,30,31","03,12"
大乐透,"16,21,30,32,35","03,06"
大乐透,"01,03,19,30,31","07,10"
大乐透,"27,29,31,32,33","05,06"
大乐透,"10,13,16,18,31","03,12"
大乐透,"04,05,10,22,31","05,11"
大乐透,"06,10,12,18,29","10,12"
大乐透,"05,07,19,31,35","09,10"
大乐透,"05,18,24,25,30","09,11"
大乐透,"06,13,22,23,30","06,09"
大乐透,"05,09,19,27,32","02,10"
大乐透,"03,09,10,15,33","10,11"
大乐透,"01,06,13,28,33","03,06"
大乐透,"05,14,19,20,21","03,08"
大乐透,"14,16,23,32,35","04,05"
大乐透,"02,13,20,29,34","03,08"
大乐透,"09,15,28,30,33","02,05"
大乐透,"16,18,19,25,32","04,05"
大乐透,"06,09,32,34,35","01,12"
大乐透,"10,17,20,24,25","01,07"
大乐透,"08,10,20,27,30","07,08"
大乐透,"03,12,13,27,30","03,09"
大乐透,"13,16,18,19,21","11,12"
大乐透,"01,08,30,33,35","08,11"
大乐透,"10,18,24,31,35","05,12"
大乐透,"07,08,18,23,29","01,07"
大乐透,"16,18,19,22,27","02,10"
大乐透,"09,10,20,28,29","07,11"
大乐透,"03,12,19,29,32","07,10"
大乐透,"06,17,20,22,34","01,03"
大乐透,"02,05,07,12,29","08,09"
大乐透,"05,06,08,14,28","06,08"
大乐透,"09,10,13,20,21","03,07"
大乐透,"06,08,10,23,31","04,05"
大乐透,"01,06,22,24,25","09,12"
大乐透,"05,06,13,24,29","01,02"
大乐透,"03,12,25,26,31","02,05"
大乐透,"01,05,25,32,35","07,09"
大乐透,"23,27,31,32,35","02,06"
大乐透,"29,30,31,32,33","02,12"
大乐透,"03,05,11,28,32","01,07"
大乐透,"04,06,07,19,35","01,07"
大乐透,"03,10,16,20,31","07,09"
大乐透,"02,06,08,11,28","06,08"
大乐透,"10,15,18,22,32","07,12"
大乐透,"05,12,13,17,34","01,04"
大乐透,"10,13,24,30,32","02,05"
大乐透,"10,11,17,23,30","11,12"
大乐透,"01,06,14,21,22","03,10"
大乐透,"03,10,19,25,30","07,09"
大乐透,"01,02,06,19,20","02,05"
大乐透,"01,10,20,32,35","01,09"
大乐透,"03,04,07,11,31","09,12"
大乐透,"07,09,13,25,29","04,07"
大乐透,"09,13,16,18,27","03,09"
大乐透,"03,12,21,25,29","03,12"
大乐透,"13,28,29,30,34","03,08"
大乐透,"17,19,21,30,35","01,04"
大乐透,"10,17,25,28,32","01,09"
大乐透,"07,10,11,17,27","02,08"
大乐透,"03,14,26,31,35","07,08"
大乐透,"07,13,16,28,30","07,08"
大乐透,"03,04,06,11,17","01,02"
大乐透,"06,18,19,29,32","03,07"
大乐透,"05,18,19,22,29","04,09"
大乐透,"08,20,25,28,33","01,07"
大乐透,"01,10,12,24,25","01,02"
大乐透,"01,08,19,29,35","03,07"
大乐透,"05,09,13,17,22","06,07"
大乐透,"07,12,22,24,30","07,10"
大乐透,"03,08,11,14,35","02,03"
大乐透,"01,25,27,30,35","04,09"
大乐透,"07,09,11,25,35","02,10"
大乐透,"04,07,09,30,33","07,08"
大乐透,"06,22,26,31,32","07,11"
大乐透,"10,11,13,20,23","09,11"
大乐透,"03,18,22,23,30","01,11"
大乐透,"01,13,14,22,27","02,11"
大乐透,"06,19,24,28,35","07,11"
大乐透,"05,06,07,10,11","03,05"
大乐透,"06,26,28,29,31","03,09"
大乐透,"01,02,25,32,35","02,09"
大乐透,"01,08,27,29,32","09,11"
大乐透,"01,13,21,28,30","05,09"
大乐透,"01,06,18,20,26","01,12"
大乐透,"03,05,10,32,33","02,10"
大乐透,"09,11,25,31,35","03,09"
大乐透,"12,17,18,19,35","09,10"
大乐透,"03,15,25,32,35","03,07"
大乐透,"03,07,25,26,32","07,08"
大乐透,"03,06,10,13,22","03,09"
大乐透,"07,09,27,28,30","01,10"
大乐透,"05,16,17,18,20","02,10"
大乐透,"13,20,24,30,31","01,10"
大乐透,"21,25,28,33,35","06,10"
大乐透,"03,07,16,29,34","03,09"
大乐透,"03,05,14,19,35","01,09"
大乐透,"07,09,12,18,30","02,03"
大乐透,"02,10,11,25,35","05,11"
大乐透,"01,07,10,12,19","03,04"
大乐透,"10,12,18,19,25","01,03"
大乐透,"13,18,25,28,30","03,08"
大乐透,"07,16,21,34,35","01,09"
大乐透,"08,21,27,31,34","08,10"
大乐透,"03,07,08,25,28","09,12"
大乐透,"03,06,08,14,35","10,12"
大乐透,"05,07,11,13,21","02,04"
大乐透,"08,19,20,26,31","03,10"
大乐透,"09,10,16,19,21","04,08"
大乐透,"03,07,11,28,29","02,07"
大乐透,"16,19,21,23,24","03,07"
大乐透,"06,20,28,29,35","07,09"
大乐透,"06,08,12,21,35","03,12"
大乐透,"12,18,19,25,32","06,09"
大乐透,"09,24,29,33,35","04,08"
大乐透,"09,12,16,20,22","09,12"
大乐透,"05,08,13,16,25","02,08"
大乐透,"02,08,27,28,29","01,05"
大乐透,"02,07,08,21,22","01,12"
大乐透,"03,12,21,22,32","05,07"
大乐透,"02,24,30,33,34","06,09"
大乐透,"03,05,06,08,11","05,11"
大乐透,"05,11,23,26,31","03,08"
大乐透,"06,13,19,21,35","03,10"
大乐透,"05,12,20,31,32","02,10"
大乐透,"04,05,21,31,32","07,10"
大乐透,"02,04,16,19,31","08,12"
大乐透,"14,21,29,31,34","10,11"
大乐透,"10,13,15,24,26","04,09"
大乐透,"19,21,26,30,34","03,08"
大乐透,"05,06,16,32,33","03,09"
大乐透,"06,25,27,32,34","03,04"
大乐透,"01,03,18,21,23","01,09"
大乐透,"15,17,19,29,35","06,11"
大乐透,"05,12,20,29,35","04,08"
大乐透,"05,10,25,26,34","11,12"
大乐透,"04,05,15,21,25","08,12"
大乐透,"16,17,21,31,32","09,12"
大乐透,"15,16,17,21,30","01,03"
大乐透,"01,06,10,19,26","08,10"
大乐透,"04,06,15,17,21","03,04"
大乐透,"04,10,15,21,31","02,12"
大乐透,"10,15,32,34,35","04,06"
大乐透,"07,20,21,28,30","10,11"
大乐透,"01,04,15,26,32","07,09"
大乐透,"04,18,26,29,31","04,09"
大乐透,"11,13,15,22,32","05,12"
大乐透,"01,04,30,31,34","05,08"
大乐透,"02,13,26,32,33","03,06"
大乐透,"03,05,15,16,21","03,04"
大乐透,"09,21,24,28,32","02,06"
大乐透,"05,07,14,25,26","05,08"
大乐透,"06,25,26,29,35","06,09"
大乐透,"06,21,27,30,31","02,06"
大乐透,"05,12,14,19,31","01,07"
大乐透,"01,14,24,25,35","06,08"
大乐透,"21,22,23,25,35","03,11"
大乐透,"05,22,24,29,35","06,12"
大乐透,"13,20,22,24,33","05,07"
大乐透,"13,18,27,28,33","03,10"
大乐透,"01,03,19,30,34","07,10"
大乐透,"10,12,18,20,24","01,02"
大乐透,"01,28,29,30,33","08,10"
大乐透,"05,07,23,25,27","07,08"
大乐透,"01,05,19,24,25","08,10"
大乐透,"01,05,23,27,32","01,02"
大乐透,"09,22,28,31,33","01,06"
大乐透,"05,09,17,19,29","01,06"
大乐透,"03,05,14,21,29","01,07"
大乐透,"02,07,19,24,30","07,12"
大乐透,"07,14,24,27,32","01,06"
大乐透,"14,19,26,33,35","01,03"
大乐透,"05,09,11,25,28","01,03"
大乐透,"03,07,20,26,35","01,02"
大乐透,"13,19,21,28,35","08,12"
大乐透,"03,19,20,25,35","01,04"
大乐透,"01,19,31,33,35","03,05"
大乐透,"07,10,18,21,35","07,09"
大乐透,"07,10,12,23,31","01,07"
大乐透,"07,09,11,27,30","06,11"
大乐透,"05,17,19,20,25","06,09"
大乐透,"05,23,25,26,28","02,06"
大乐透,"11,12,17,24,26","02,08"
大乐透,"05,10,11,25,33","06,08"
大乐透,"05,11,12,17,19","01,06"
大乐透,"05,14,30,31,33","03,08"
大乐透,"01,03,07,09,21","02,08"
大乐透,"05,19,21,23,26","04,08"
大乐透,"01,19,20,25,28","02,11"
大乐透,"07,09,20,25,28","01,09"
大乐透,"05,07,14,23,33","07,11"
大乐透,"14,21,27,28,30","02,03"
大乐透,"11,13,14,23,29","08,11"
大乐透,"14,19,24,28,29","05,10"
大乐透,"03,17,19,31,33","06,10"
大乐透,"14,23,24,30,33","03,04"
大乐透,"09,13,21,26,33","08,09"
大乐透,"12,14,19,24,25","05,07"
大乐透,"09,13,19,23,27","01,10"
大乐透,"05,20,28,31,35","09,11"
大乐透,"10,24,25,28,30","04,08"
大乐透,"14,19,23,24,28","03,07"
大乐透,"01,09,19,25,28","03,06"
大乐透,"01,17,25,28,30","03,08"
大乐透,"07,19,25,30,31","02,07"
大乐透,"12,25,28,30,35","07,09"
大乐透,"03,19,28,31,35","01,11"
大乐透,"09,17,19,25,33","03,12"
大乐透,"03,09,13,27,33","02,09"
大乐透,"03,05,09,17,24","08,10"
大乐透,"07,14,23,24,35","01,03"
大乐透,"11,14,17,33,35","03,12"
大乐透,"01,17,19,25,30","06,12"
大乐透,"01,10,14,17,25","01,03"
大乐透,"01,06,11,19,35","03,08"
大乐透,"09,20,28,33,35","06,08"
大乐透,"02,14,19,30,35","01,07"
大乐透,"01,07,14,25,35","07,08"
大乐透,"01,07,21,25,33","06,07"
大乐透,"11,18,24,28,30","01,06"
大乐透,"12,14,19,21,33","11,12"
大乐透,"07,09,23,25,33","04,06"
大乐透,"05,21,25,27,30","07,08"
大乐透,"05,17,25,29,30","01,09"
大乐透,"09,11,13,19,31","01,08"
大乐透,"03,07,26,29,30","01,05"
大乐透,"05,07,09,25,35","02,06"
大乐透,"05,07,14,25,29","01,06"
大乐透,"01,07,11,28,31","07,11"
大乐透,"01,09,11,14,18","04,11"
大乐透,"05,07,14,28,29","01,06"
大乐透,"07,19,28,30,32","05,06"
大乐透,"24,25,28,30,33","07,12"
大乐透,"03,05,07,31,33","01,05"
大乐透,"03,19,23,25,31","02,11"
大乐透,"07,09,11,14,31","02,09"
大乐透,"05,07,10,12,30","03,08"
大乐透,"19,21,23,24,25","06,07"
大乐透,"03,09,17,19,27","09,10"
大乐透,"01,21,23,31,35","03,07"
大乐透,"19,28,29,31,35","06,08"
大乐透,"01,05,07,17,27","07,08"
大乐透,"19,24,30,31,35","01,06"
大乐透,"02,03,27,30,35","04,08"
大乐透,"14,19,22,27,28","04,12"
大乐透,"05,09,14,28,30","02,05"
大乐透,"01,09,19,23,29","07,08"
大乐透,"02,23,24,32,33","03,07"
大乐透,"01,03,07,12,30","01,09"
大乐透,"01,03,29,30,33","01,06"
大乐透,"03,19,28,30,35","10,12"
大乐透,"11,12,20,24,25","08,11"
大乐透,"05,06,19,27,35","02,09"
大乐透,"01,11,19,22,35","02,11"
大乐透,"03,13,14,23,24","04,07"
大乐透,"03,10,25,28,32","06,07"
大乐透,"01,05,07,10,30","02,05"
大乐透,"13,20,23,25,33","08,11"
大乐透,"06,09,10,14,19","02,06"
大乐透,"03,05,07,24,32","09,11"
大乐透,"03,05,11,25,30","02,03"
大乐透,"03,11,14,19,25","10,11"
大乐透,"01,11,14,21,28","05,06"
大乐透,"07,09,14,29,35","06,09"
大乐透,"01,05,24,27,30","01,07"
大乐透,"17,19,24,25,35","02,09"
大乐透,"03,21,23,25,29","03,12"
大乐透,"05,17,25,34,35","07,08"
大乐透,"05,11,24,25,35","01,07"
大乐透,"22,23,25,32,35","07,08"
大乐透,"21,22,23,26,31","01,03"
大乐透,"17,19,24,28,31","06,11"
大乐透,"07,09,19,28,31","01,03"
大乐透,"09,19,20,31,33","07,09"
大乐透,"07,11,14,29,30","02,07"
大乐透,"07,11,12,19,20","01,04"
大乐透,"08,10,25,26,35","01,06"
大乐透,"01,05,23,24,35","03,11"
大乐透,"03,11,19,22,33","01,02"
大乐透,"07,09,24,26,28","01,07"
大乐透,"09,28,29,30,35","07,11"
大乐透,"14,19,22,28,35","01,06"
大乐透,"09,10,18,19,25","03,10"
大乐透,"01,19,23,24,30","01,09"
大乐透,"03,22,23,27,29","02,07"
大乐透,"05,10,13,18,20","07,08"
大乐透,"05,19,21,29,35","01,10"
大乐透,"05,06,07,11,19","02,09"
大乐透,"23,28,30,32,35","01,02"
大乐透,"07,09,17,19,31","02,11"
大乐透,"05,21,25,28,32","11,12"
大乐透,"03,05,23,32,35","01,07"
大乐透,"09,19,24,28,31","03,07"
大乐透,"03,07,19,23,29","06,11"
大乐透,"25,26,27,30,35","01,02"
大乐透,"10,21,26,27,31","01,07"
大乐透,"03,05,06,10,25","01,07"
大乐透,"10,19,23,25,33","02,11"
大乐透,"05,07,21,22,30","06,09"
大乐透,"05,07,14,25,28","02,06"
大乐透,"05,07,09,25,31","04,08"
大乐透,"05,11,19,28,29","01,10"
大乐透,"05,06,09,20,28","02,10"
大乐透,"12,23,30,33,35","07,09"
大乐透,"07,23,28,29,30","03,06"
大乐透,"01,05,17,19,31","06,10"
大乐透,"19,25,30,31,35","03,06"
大乐透,"03,14,19,29,30","03,08"
大乐透,"01,11,14,17,35","02,11"
大乐透,"02,07,11,13,20","02,07"
大乐透,"03,06,19,29,35","02,08"
大乐透,"05,11,22,26,30","03,11"
大乐透,"05,11,17,25,28","07,08"
大乐透,"05,09,19,28,35","03,07"
大乐透,"07,09,13,14,19","03,06"
大乐透,"03,10,31,33,35","05,12"
大乐透,"05,09,11,33,35","02,11"
大乐透,"12,14,18,24,28","07,09"
大乐透,"08,19,23,29,33","02,08"
大乐透,"01,03,27,28,35","08,09"
大乐透,"07,19,21,24,33","01,06"
大乐透,"13,24,28,29,30","01,06"
大乐透,"01,05,07,24,33","01,11"
大乐透,"01,07,09,24,29","09,10"
大乐透,"23,25,28,29,33","06,09"
大乐透,"07,19,24,25,33","01,07"
大乐透,"05,14,23,33,35","01,03"
大乐透,"05,07,19,26,28","01,02"
大乐透,"19,22,23,25,31","01,07"
大乐透,"11,20,23,32,33","06,10"
大乐透,"05,14,24,30,35","09,12"
大乐透,"05,07,12,14,30","02,11"
大乐透,"01,03,14,29,30","06,11"
大乐透,"13,14,20,24,27","04,09"
大乐透,"07,18,24,25,33","07,11"
大乐透,"11,17,25,33,35","05,06"
大乐透,"05,09,19,25,31","01,08"
大乐透,"07,19,24,25,28","05,09"
大乐透,"24,25,29,30,35","06,07"
大乐透,"11,21,25,27,34","03,10"
大乐透,"01,17,19,24,28","06,07"
大乐透,"09,19,25,28,29","01,03"
大乐透,"07,10,13,26,27","01,09"
大乐透,"07,14,17,23,35","07,08"
大乐透,"05,09,19,21,33","01,09"
大乐透,"03,12,19,22,33","01,07"
大乐透,"10,12,14,19,25","01,07"
大乐透,"01,19,21,24,35","01,03"
大乐透,"03,05,09,14,20","01,04"
大乐透,"05,06,12,22,23","05,06"
大乐透,"09,10,22,24,33","01,06"
大乐透,"03,10,12,20,28","07,08"
大乐透,"05,07,19,27,31","01,06"
大乐透,"02,09,14,25,29","01,03"
大乐透,"05,23,28,30,32","02,06"
大乐透,"05,12,14,20,24","03,06"
大乐透,"01,06,07,09,28","01,08"
大乐透,"13,14,19,24,33","01,07"
大乐透,"01,14,19,21,28","04,06"
大乐透,"09,19,27,28,35","01,08"
大乐透,"19,20,23,24,29","04,06"
大乐透,"03,05,10,25,35","08,09"
大乐透,"11,14,25,28,35","04,07"
大乐透,"09,13,27,33,35","02,10"
大乐透,"05,19,24,25,28","01,02"
大乐透,"10,24,28,33,35","05,10"
大乐透,"03,05,11,24,27","02,06"
大乐透,"07,09,12,19,22","02,03"
大乐透,"05,07,19,25,31","06,08"
大乐透,"14,17,20,24,28","06,08"
大乐透,"03,19,23,30,33","04,10"
大乐透,"09,18,22,30,33","06,09"
大乐透,"07,17,19,27,33","01,03"
大乐透,"07,09,26,27,29","03,06"
大乐透,"10,19,21,23,31","01,08"
大乐透,"01,09,17,28,35","07,12"
大乐透,"05,11,21,23,29","01,07"
大乐透,"07,12,20,25,35","01,07"
大乐透,"07,12,22,23,25","07,09"
大乐透,"12,13,19,25,33","06,07"
大乐透,"01,05,10,11,30","04,07"
大乐透,"07,11,13,24,35","06,09"
大乐透,"02,07,18,25,30","03,11"
大乐透,"01,05,07,21,35","07,11"
大乐透,"01,09,11,25,31","03,04"
大乐透,"07,17,22,23,33","06,10"
大乐透,"09,11,17,24,29","02,10"
大乐透,"05,06,17,18,24","01,08"
大乐透,"07,10,11,19,29","09,11"
大乐透,"01,05,06,26,32","01,03"
大乐透,"19,25,27,28,33","01,09"
大乐透,"12,25,29,31,35","03,10"
大乐透,"03,17,22,28,35","07,08"
大乐透,"07,14,19,20,21","03,07"
大乐透,"07,13,24,26,29","01,06"
大乐透,"01,07,25,26,31","06,08"
大乐透,"03,05,11,12,17","02,08"
大乐透,"09,14,23,29,31","02,07"
大乐透,"07,23,28,29,30","01,11"
大乐透,"14,17,19,23,31","04,05"
大乐透,"07,10,30,33,35","01,07"
大乐透,"07,11,18,23,25","02,08"
大乐透,"01,05,13,14,23","01,09"
大乐透,"07,17,25,28,33","06,07"
大乐透,"07,09,23,25,31","01,06"
大乐透,"05,11,19,21,28","06,12"
大乐透,"05,12,19,28,33","01,09"
大乐透,"07,09,19,23,24","04,12"
大乐透,"13,17,23,28,29","08,09"
大乐透,"05,07,11,19,23","02,11"
大乐透,"19,20,27,29,35","04,06"
大乐透,"05,19,23,25,35","03,06"
大乐透,"06,19,21,23,25","07,08"
大乐透,"05,07,21,25,28","08,11"
大乐透,"01,06,17,28,29","01,08"
大乐透,"14,17,26,30,35","06,12"
大乐透,"09,12,14,26,29","01,04"
大乐透,"07,14,19,23,25","02,06"
大乐透,"05,21,24,29,35","01,11"
大乐透,"05,12,21,24,30","04,07"
大乐透,"10,19,21,24,28","04,07"
大乐透,"10,14,19,30,33","02,07"
大乐透,"09,25,31,33,35","07,09"
大乐透,"11,19,27,33,35","03,07"
大乐透,"07,21,22,25,30","01,11"
大乐透,"12,14,27,29,35","01,03"
大乐透,"02,03,12,25,27","06,09"
大乐透,"05,12,17,28,33","07,09"
大乐透,"05,10,14,22,28","07,11"
大乐透,"10,13,23,24,35","01,07"
大乐透,"05,06,17,19,23","10,11"
大乐透,"01,19,24,25,31","07,12"
大乐透,"07,14,18,27,33","01,03"
大乐透,"03,17,21,25,35","02,03"
大乐透,"17,19,25,28,31","06,07"
大乐透,"05,11,19,25,31","02,08"
大乐透,"12,24,26,31,33","01,04"
大乐透,"10,14,19,24,26","06,10"
大乐透,"10,11,19,31,33","07,10"
大乐透,"06,14,22,23,25","01,07"
大乐透,"07,08,24,25,28","06,10"
大乐透,"06,20,23,29,30","06,10"
大乐透,"07,24,31,32,35","06,08"
大乐透,"03,17,22,23,29","08,09"
大乐透,"05,11,19,28,33","01,08"
大乐透,"05,11,27,29,35","01,03"
大乐透,"03,14,23,24,33","03,07"
大乐透,"01,05,07,11,17","01,05"
大乐透,"01,03,07,11,28","01,03"
大乐透,"01,14,24,31,35","03,07"
大乐透,"07,09,14,19,26","01,08"
大乐透,"01,19,23,24,33","06,07"
大乐透,"07,22,24,25,35","01,09"
大乐透,"09,10,19,25,28","06,11"
大乐透,"05,07,12,22,26","02,03"
大乐透,"09,23,25,29,35","07,11"
大乐透,"07,14,23,27,35","09,12"
大乐透,"18,22,28,33,35","03,05"
大乐透,"05,06,12,19,30","06,10"
大乐透,"01,03,17,23,25","01,02"
大乐透,"03,11,19,24,29","03,04"
大乐透,"01,07,23,29,35","01,02"
大乐透,"09,11,12,24,30","01,08"
大乐透,"05,07,12,25,33","06,11"
大乐透,"01,06,13,14,27","07,12"
大乐透,"03,20,25,26,27","01,05"
大乐透,"19,24,28,30,31","02,09"
大乐透,"09,11,13,29,33","01,06"
大乐透,"17,19,28,33,35","01,07"
大乐透,"01,14,17,24,28","01,02"
大乐透,"03,21,22,24,35","01,07"
大乐透,"05,19,20,23,24","05,06"
大乐透,"14,15,22,25,35","08,11"
大乐透,"01,19,24,25,28","06,09"
大乐透,"03,09,12,21,23","07,11"
大乐透,"07,11,19,23,24","06,10"
大乐透,"05,14,20,28,30","07,10"
大乐透,"07,17,19,25,26","08,09"
大乐透,"07,19,23,25,35","03,08"
大乐透,"03,07,19,20,24","02,11"
大乐透,"05,07,27,29,35","03,06"
大乐透,"07,17,19,24,28","06,08"
大乐透,"03,14,19,23,33","06,07"
大乐透,"07,21,25,26,32","01,06"
大乐透,"01,05,07,24,28","03,09"
大乐透,"09,19,29,31,33","06,07"
大乐透,"07,10,13,20,21","08,10"
大乐透,"13,17,23,24,31","01,10"
大乐透,"01,07,11,13,26","08,09"
大乐透,"18,19,28,30,35","05,06"
大乐透,"05,14,19,26,28","08,10"
大乐透,"03,07,09,14,17","02,08"
大乐透,"05,07,14,18,35","01,07"
大乐透,"19,20,22,24,29","06,07"
大乐透,"05,14,29,30,35","04,07"
大乐透,"03,05,09,24,28","06,11"
大乐透,"11,25,28,32,35","01,07"
大乐透,"05,07,28,29,35","09,12"
大乐透,"03,10,19,25,32","07,08"
大乐透,"05,13,14,17,29","01,08"
大乐透,"05,24,26,30,33","04,06"
大乐透,"06,14,23,29,30","08,10"
大乐透,"03,10,14,28,29","08,09"
大乐透,"01,14,23,33,35","06,08"
大乐透,"11,21,27,31,35","02,09"
大乐透,"01,17,19,25,29","06,08"
大乐透,"05,17,22,25,29","01,08"
大乐透,"05,13,14,31,35","04,09"
大乐透,"01,05,06,25,30","01,10"
大乐透,"09,19,23,29,30","02,07"
大乐透,"01,03,09,14,24","02,07"
大乐透,"07,09,21,24,26","01,03"
大乐透,"07,12,13,30,33","05,07"
大乐透,"05,14,23,26,29","03,08"
大乐透,"05,07,11,19,23","01,07"
大乐透,"05,07,23,25,35","03,09"
大乐透,"12,17,19,23,30","08,10"
大乐透,"05,21,25,29,30","04,07"
大乐透,"19,21,24,27,31","02,06"
大乐透,"05,09,14,25,29","03,11"
大乐透,"05,07,09,14,24","07,08"
大乐透,"07,12,14,30,35","10,11"
大乐透,"11,12,14,24,33","01,07"
大乐透,"05,25,29,30,33","01,10"
大乐透,"05,06,19,25,28","01,11"
大乐透,"05,11,24,26,31","01,02"
大乐透,"05,06,12,24,28","09,10"
大乐透,"05,18,23,24,35","07,12"
大乐透,"05,07,14,19,28","03,07"
大乐透,"11,19,20,28,35","06,10"
大乐透,"01,05,12,24,25","02,07"
大乐透,"07,25,28,30,32","02,04"
大乐透,"28,29,30,33,35","03,08"
大乐透,"20,22,25,28,35","02,08"
大乐透,"09,11,19,25,29","03,07"
大乐透,"05,25,27,31,35","01,07"
大乐透,"11,20,21,25,28","09,10"
大乐透,"03,22,25,31,33","08,12"
大乐透,"02,06,12,21,35","08,09"
大乐透,"05,06,14,17,29","01,06"
大乐透,"06,12,24,25,30","01,11"
大乐透,"05,07,23,27,30","02,07"
大乐透,"05,27,28,30,32","05,06"
大乐透,"05,11,28,30,35","02,11"
大乐透,"03,14,17,20,33","03,06"
大乐透,"19,25,26,33,35","01,04"
大乐透,"20,21,25,26,28","01,02"
大乐透,"01,03,07,14,19","02,04"
大乐透,"05,14,17,23,31","03,08"
大乐透,"13,22,23,25,35","05,06"
大乐透,"12,23,26,27,30","01,08"
大乐透,"01,05,19,30,31","03,11"
大乐透,"05,10,22,24,27","01,09"
大乐透,"07,21,22,24,33","03,06"
大乐透,"09,14,25,29,32","01,03"
大乐透,"09,14,17,23,24","07,09"
大乐透,"01,07,09,11,21","07,09"
大乐透,"05,19,23,25,27","05,08"
大乐透,"17,23,24,27,35","01,03"
大乐透,"07,21,24,30,33","02,08"
大乐透,"07,09,13,18,21","02,09"
大乐透,"03,14,22,31,35","01,02"
大乐透,"07,20,24,29,30","04,08"
大乐透,"05,09,19,29,33","01,07"
大乐透,"05,13,23,28,30","02,12"
大乐透,"03,09,14,23,25","01,09"
大乐透,"13,19,20,29,33","01,06"
大乐透,"05,19,27,29,35","02,03"
大乐透,"05,09,19,29,33","01,08"
大乐透,"05,12,14,19,24","01,02"
大乐透,"01,07,11,19,29","03,08"
大乐透,"07,23,25,30,33","04,09"
大乐透,"07,10,11,23,27","01,11"
大乐透,"05,14,28,29,31","02,09"
大乐透,"01,05,27,28,30","06,08"
大乐透,"19,23,26,28,35","02,03"
大乐透,"01,07,17,24,33","07,09"
大乐透,"07,14,23,25,27","04,08"
大乐透,"07,14,28,30,31","09,10"
大乐透,"09,17,18,27,33","01,07"
大乐透,"11,14,19,31,35","03,07"
大乐透,"05,19,21,23,28","01,11"
大乐透,"05,14,28,29,30","01,02"
大乐透,"05,10,17,19,33","04,08"
大乐透,"03,05,23,28,31","01,03"
大乐透,"06,07,17,31,35","03,05"
大乐透,"05,12,23,27,30","02,11"
大乐透,"03,06,10,23,30","02,07"
大乐透,"19,22,23,28,30","03,06"
大乐透,"17,19,21,23,34","02,10"
大乐透,"05,23,24,25,29","05,06"
大乐透,"06,19,25,29,35","01,02"
大乐透,"05,12,27,28,30","01,03"
大乐透,"07,24,25,30,32","11,12"
大乐透,"09,19,21,22,31","08,12"
大乐透,"13,23,27,30,35","03,08"
大乐透,"05,07,19,21,28","05,06"
大乐透,"07,17,18,24,25","02,03"
大乐透,"03,07,10,21,27","01,05"
大乐透,"01,07,19,24,25","03,06"
大乐透,"05,17,21,23,33","05,06"
大乐透,"14,27,28,30,31","01,11"
大乐透,"07,10,28,31,35","01,03"
大乐透,"05,09,11,23,33","07,11"
大乐透,"14,17,19,28,31","02,03"
大乐透,"07,10,11,14,33","07,11"
大乐透,"03,07,28,31,35","02,08"
大乐透,"03,09,14,24,28","05,11"
大乐透,"01,03,31,33,35","01,03"
大乐透,"09,19,24,31,33","05,08"
大乐透,"05,07,09,14,25","01,02"
大乐透,"03,19,23,29,30","03,05"
大乐透,"10,14,24,30,35","06,10"
大乐透,"28,30,31,33,35","01,10"
大乐透,"03,07,09,17,25","02,05"
大乐透,"01,05,19,23,24","01,02"
大乐透,"01,03,05,07,19","05,08"
大乐透,"01,14,21,29,33","01,04"
大乐透,"09,10,21,30,31","01,11"
大乐透,"05,07,09,19,30","11,12"
大乐透,"05,13,18,29,32","06,07"
大乐透,"03,06,19,24,25","06,08"
大乐透,"01,05,07,31,35","03,09"
大乐透,"01,10,13,29,35","01,08"
大乐透,"14,21,23,30,32","08,11"
大乐透,"07,09,25,28,30","08,11"
大乐透,"01,03,17,19,33","01,04"
大乐透,"03,10,17,23,33","01,11"
大乐透,"14,19,21,26,29","05,06"
大乐透,"03,07,24,26,33","06,09"
大乐透,"11,12,20,22,35","01,04"
大乐透,"01,12,19,23,24","03,08"
大乐透,"03,05,13,30,35","07,08"
大乐透,"01,07,09,27,31","07,08"
大乐透,"01,05,11,19,29","01,06"
大乐透,"05,14,17,20,27","01,02"
大乐透,"01,17,24,28,29","02,09"
大乐透,"06,14,27,29,35","07,08"
大乐透,"13,14,19,23,30","03,07"
大乐透,"03,05,14,22,23","02,10"
大乐透,"05,10,19,31,35","09,11"
大乐透,"07,14,19,21,22","03,04"
大乐透,"01,05,17,21,28","02,09"
大乐透,"03,05,23,24,27","07,09"
大乐透,"01,05,06,24,31","01,03"
大乐透,"12,19,23,31,35","01,05"
大乐透,"07,23,24,28,35","01,06"
大乐透,"07,17,21,28,35","02,08"
大乐透,"03,07,09,17,21","01,04"
大乐透,"03,14,17,20,33","01,05"
大乐透,"07,17,25,29,32","01,05"
大乐透,"03,07,21,25,28","02,08"
大乐透,"05,07,11,23,33","03,12"
大乐透,"07,14,19,29,33","03,06"
大乐透,"07,09,11,19,24","03,06"
大乐透,"06,07,10,19,33","01,07"
大乐透,"10,19,25,31,35","07,09"
大乐透,"07,10,14,19,26","01,02"
大乐透,"07,12,24,25,28","01,10"
大乐透,"19,22,23,32,33","02,10"
大乐透,"01,11,19,27,28","01,11"
大乐透,"01,05,11,17,24","03,06"
大乐透,"05,09,12,24,35","01,02"
大乐透,"05,13,14,19,24","05,08"
大乐透,"07,09,20,23,25","01,08"
大乐透,"11,19,25,28,29","02,03"
大乐透,"03,05,25,28,30","05,12"
大乐透,"05,11,19,25,33","04,07"
大乐透,"07,17,21,22,23","11,12"
大乐透,"01,07,10,33,35","11,12"
大乐透,"07,09,27,29,33","01,04"
大乐透,"22,25,26,29,30","11,12"
大乐透,"01,07,19,21,23","06,11"
大乐透,"05,18,22,26,28","01,07"
大乐透,"09,10,21,28,30","02,11"
大乐透,"04,14,19,25,32","03,06"
大乐透,"07,20,26,27,28","01,05"
大乐透,"17,26,30,34,35","07,09"
大乐透,"01,07,14,24,28","03,12"
大乐透,"03,07,09,12,18","06,09"
大乐透,"18,20,22,32,35","01,06"
大乐透,"19,20,22,25,27","02,08"
大乐透,"14,18,25,30,33","09,11"
大乐透,"07,24,26,28,30","05,06"
大乐透,"10,12,21,22,25","02,05"
大乐透,"07,14,28,32,35","01,06"
大乐透,"07,21,24,28,34","01,06"
大乐透,"07,14,19,30,33","01,06"
